タグ,投稿数
#日記,1437680
#エッセイ,623968
#写真,519631
#毎日note,358406
#イラスト,354069
#小説,332973
#コラム,306615
#マンガ,214034
#音楽,178361
#毎日更新,171740
#ビジネス,158846
#詩,152937
#note,138042
#絵,126224
#いま私にできること,109869
#仕事,108608
#人生,107925
#毎日投稿,100451
#日常,99360
#スキしてみて,99133
#子育て,96942
#ブログ,94198
#読書,87469
#映画,87312
#恋愛,87126
#大学生,84214
#漫画,78216
#自己紹介,75330
#育児,71008
#猫,69906
#生き方,69560
#新型コロナウイルス,68710
#オリジナル,68592
#競艇予想屋,68320
#おうち時間を工夫で楽しく,67409
#つぶやき,66178
#ラジオ,64459
#音声配信,64446
#ダイエット,63513
#note毎日更新,63252
#youtube,59735
#習慣にしていること,59390
#料理,58683
#アート,56188
#デザイン,55721
#教育,55287
#動画,55075
#副業,54258
#短編小説,53877
#予想,53816
#ライフスタイル,53693
#ゲーム,53240
#本,53132
#言葉,52971
#投資,51813
#旅,51574
#旅行,49467
#地方競馬予想,49350
#読書感想文,48975
#健康,48684
#起業,48198
#英語,47853
#雑記,47442
#創作,45006
#私の仕事,43793
#夢,43575
#お金,42216
#マーケティング,41460
#ショートショート,40657
#フリーランス,40013
#人間関係,39907
#幸せ,39095
#勉強,38923
#心理学,38836
#競輪予想,38809
#ポエム,38728
#ひとりごと,38405
#自己啓発,38193
#スピリチュアル,36614
#哲学,36349
#家族,35934
#コミュニケーション,35849
#転職,35495
#私のイチオシ,35345
#就活,35249
#考え方,35197
#生活,34641
#海外生活,34312
#海外,33968
#とは,33385
#筋トレ,33270
#中央競馬予想,32910
#4コマ漫画,32891
#ギャンブル,32639
#ボートレース予想,32433
#サッカー,32296
#花,31926
#占い,31492
#万舟,30755
#短歌,30557
#働き方,29927
#ファッション,29922
#SNS,29673
#DTM,29661
#スポーツ,28483
#感謝,27594
#カメラ,27495
#ライター,27419
#ゆたかさって何だろう,27200
#Twitter,27097
#note初心者,26936
#英語学習,26589
#思い出,26461
#海外旅行,26357
#現代詩,25607
#アニメ,25040
#心,25030
#的中,24788
#コーチング,24661
#悩み,24657
#コロナ,23876
#グルメ,23822
#推薦図書,23714
#愛,23491
#映画レビュー,23422
#メンタル,23288
#コンテンツ会議,23117
#HSP,23098
#COMEMO,22961
#東京,22808
#留学,22706
#結婚,22660
#経営,22523
#思考,22504
#連載小説,22259
#夏,22223
#photo,22102
#発達障害,22078
#カフェ,21789
#ねこ,21634
#プログラミング,21591
#写真好きな人と繋がりたい,21552
#感想,21494
#自分と向き合う,21423
#趣味,21165
#ありがとう,21160
#空,21044
#夫婦,20922
#ギター,20850
#コミックエッセイ,20717
#自由詩,20479
#成長,20477
#映画感想,20428
#学び,20290
#イベント,20199
#犬,20120
#おうち時間,20086
#note書き初め,19980
#経済,19845
#コーヒー,19820
#習慣,19726
#子ども,19500
#リモートワーク,19041
#アメリカ,18832
#短編,18707
#学校,18644
#スタートアップ,18522
#自己肯定感,18492
#お笑い,18492
#ピアノ,18403
#文章,18348
#生きる,18302
#絵本,18298
#高校生,18295
#キャリア,18284
#京都,18269
#自然,18127
#ハンドメイド,17938
#うつ病,17839
#暮らし,17810
#自分,17790
#アウトプット,17698
#散歩,17696
#noteのつづけ方,17647
#歴史,17478
#継続,17389
#レシピ,17136
#日本,17108
#毎日,17079
#美容,16971
#海,16718
#俳句,16697
#競輪,16661
#社会人,16642
#ART,16626
#ネットビジネス,16549
#目標,16424
#ニュース,16323
#株,16275
#介護,16219
#ヨガ,16196
#物語,16192
#挑戦,16141
#JRA,16100
#うつ,16058
#子供,16024
#noteでよかったこと,15939
#絵日記,15903
#カメラのたのしみ方,15859
#沖縄,15859
#illustration,15852
#名言,15791
#初投稿,15764
#婚活,15748
#書評,15659
#記録,15596
#中国,15561
#ライブ,15498
#つくるのはたのしい,15480
#トレーニング,15286
#勝負レース,15222
#食事,15195
#大井競馬予想,15158
#メモ,15066
#競馬女子,15032
#資産運用,14825
#恋,14808
#未来,14741
#北海道,14726
#営業,14657
#社会,14604
#はたらくを自由に,14588
#競馬予想中,14444
#仮想通貨,14342
#写真日記,14300
#誕生日,14138
#瞑想,14065
#旅行記,14062
#川崎競馬,14061
#感情,14002
#価値観,14001
#歌詞,13988
#ストレス,13971
#東京競馬予想,13937
#学生,13855
#渋谷のラジオ,13843
#大学生ブログ,13785
#演劇,13756
#ファンタジー,13733
#動物,13727
#癒し,13681
#株式投資,13652
#秋,13642
#政治,13605
#ビジネススキル,13586
#競馬場,13578
#サラリーマン,13558
#買ってよかったもの,13508
#AI,13492
#初心者,13440
#気づき,13429
#文学,13416
#独り言,13355
#育児日記,13224
#読書日記,13179
#芸術,13141
#おすすめ本,13129
#宇宙,13127
#1000日チャレンジ,13120
#朝活,13111
#今日のつぶやき,13091
#大学,13044
#アイドル,13032
#競馬はロマン,13015
#エッセイ漫画,13013
#恋愛小説,12993
#友達,12974
#Vtuber,12951
#イラストレーター,12951
#野球,12888
#時間,12879
#人生を変えた出会い,12797
#バンド,12674
#イベントレポ,12622
#ランニング,12589
#youtube動画,12545
#万馬券予想,12496
#桜,12490
#経営者,12377
#コミュニティ,12375
#就職活動,12315
#西野亮廣エンタメ研究所,12297
#備忘録,12175
#エンタメ,12169
#連載,12051
#人生哲学,12039
#ドラマ,11966
#エンジニア,11958
#作曲,11951
#テレワーク,11928
#出会い,11897
#園田競馬,11832
#オンライン,11805
#インタビュー,11783
#テクノロジー,11751
#鬱,11739
#掌編小説,11725
#不安,11710
#4コマ,11707
#ラーメン,11659
#ネコ,11621
#成功,11519
#行動,11502
#散文,11489
#noteの書き方,11467
#ADHD,11429
#ショートストーリー,11395
#アラサー,11371
#体験談,11296
#在宅ワーク,11286
#デザイナー,11269
#ライフハック,11254
#ミッドナイト競輪,11250
#SF,11233
#Jリーグ,11226
#春,11181
#一人旅,11176
#馬券,11162
#雨,11148
#大阪,11133
#レビュー,11039
#カレー,11017
#好き,10983
#コロナに負けるな,10980
#睡眠,10898
#music,10893
#弾き語り,10888
#読書記録,10877
#これからの仕事術,10865
#会社,10833
#小学生,10809
#女性,10808
#歌,10807
#プロ野球,10791
#船橋競馬,10785
#cakesコンテスト,10785
#整体,10748
#田舎暮らし,10710
#マインドフルネス,10679
#阪神競馬予想,10641
#舟券,10611
#競馬ファイナンス,10596
#おすすめ,10589
#ポジティブ,10555
#メンタルヘルス,10539
#まんが,10501
#挑戦している君へ,10498
#風景,10481
#タロット,10461
#ランチ,10448
#マネジメント,10425
#建築,10413
#仕事術,10407
#競馬好き,10386
#競馬初心者,10364
#クリエイター,10362
#Instagram,10353
#大学受験,10324
#川崎競馬予想,10300
#看護師,10291
#雑談,10284
#競馬好きな人と繋がりたい,10274
#飲食店,10269
#あなたに出会えてよかった,10259
#働き方改革,10246
#競馬投資,10240
#不登校,10200
#広告,10190
#モチベーション,10159
#オンラインサロン,10138
#超短編小説,10113
#おうちごはん,10102
#404美術館,10098
#自己分析,10011
#LGBT,9971
#夢日記,9963
#フランス,9959
#運動,9943
#浦和競馬,9922
#競馬新聞,9902
#人生観,9900
#自由,9843
#英会話,9833
#考えたこと,9820
#受験,9817
#カウンセリング,9773
#潜在意識,9737
#毎日更新倶楽部,9731
#リモートオフィス,9721
#独立,9705
#高知競馬,9704
#自分らしさ,9700
#食,9675
#MUP,9654
#ZOOM,9649
#万馬券,9644
#note映画部,9623
#マスク,9582
#競馬ファン,9580
#京都競馬予想,9565
#随筆,9538
#メッセージ,9493
#競馬ブログ,9469
#美容師,9454
#移住,9453
#コロナウイルス,9451
#競馬大好き,9414
#農業,9410
#双極性障害,9405
#中山競馬予想,9391
#台湾,9378
#断捨離,9361
#理学療法士,9335
#振り返り,9327
#お弁当,9311
#外出自粛,9269
#福岡,9269
#韓国,9232
#無料,9211
#妊娠,9205
#ダイエット日記,9170
#お金について考える,9138
#旅日記,9120
#園田競馬予想,9109
#クリスマス,9109
#激アツレース,9084
#花写真,9071
#自炊,9028
#Amazon,9012
#パパの子育て,9008
#神社,8999
#楽しい,8979
#スマホ,8979
#セックス,8973
#マインド,8966
#クラウドファンディング,8938
#勉強法,8932
#朗読,8928
#ペット,8921
#女の子,8916
#競艇投資,8911
#Webデザイン,8883
#オリジナル小説,8858
#数学,8857
#医療,8831
#親子,8809
#夏休み,8805
#採用,8780
#失敗,8756
#アイデア,8736
#子育て日記,8710
#西洋占星術,8696
#タイ,8672
#IT,8649
#猫写真,8608
#笑顔,8608
#アプリ,8591
#MUPウサギクラス,8584
#イラストエッセイ,8574
#お酒,8568
#人間,8556
#努力,8555
#大学生日記,8553
#恋愛コラム,8546
#はじめまして,8510
#SDGs,8500
#精神疾患,8499
#youtuber,8493
#テレビ,8489
#4コママンガ,8465
#オーストラリア,8458
#ノンフィクション,8450
#学校教育,8448
#好きなことを仕事にする,8431
#やりたいこと,8427
#チャレンジ,8412
#気持ち,8407
#nikkei,8404
#オリジナル曲,8356
#青春,8352
#イラストレーション,8343
#キャラクター,8327
#植物,8297
#japan,8286
#朝,8283
#ママ,8275
#FXトレード,8246
#ベンチャー,8244
#iphone,8220
#アフィリエイト,8199
#起業家,8178
#人事,8166
#記憶,8161
#現代アート,8153
#ワーママ,8146
#イタリア,8120
#海外留学,8110
#観光,8107
#電子書籍,8106
#ボート予想,8105
#メディア,8094
#ドイツ,8079
#心理,8042
#ブランディング,8012
#世界一周,7990
#在宅勤務,7985
#ビール,7949
#考察,7947
#企画,7937
#病気,7926
#中学生,7926
#ごはん,7903
#日常生活,7902
#引き寄せ,7901
#ミニマリスト,7886
#自転車,7875
#プログラミング初心者,7865
#不動産,7836
#為替,7827
#マインドセット,7812
#情報,7753
#ロック,7738
#生きづらさ,7733
#新卒,7733
#美術,7728
#勝負馬券,7700
#ビットコイン,7697
#ワイン,7695
#舟券予想,7677
#LINE,7676
#書くこと,7669
#夜,7663
#過去,7641
#インド,7641
#新潟競馬予想,7581
#個人事業主,7576
#イギリス,7565
#自由律俳句,7540
#舞台,7505
#新型コロナウイルス対策,7487
#バックパッカー,7482
#呟き,7478
#変化,7460
#海外移住,7443
#考察コラム,7437
#習慣化,7381
#スイーツ,7373
#赤ちゃん,7360
#落書き,7359
#手作り,7352
#コミックエッセイ大賞,7347
#詩のようなもの,7338
#絵画,7315
#ダンス,7314
#言葉の力,7300
#母,7272
#noteはじめました,7269
#現代短歌,7242
#毒親,7242
#応援したいスポーツ,7217
#失恋,7212
#死,7210
#ネットラジオ,7197
#自分の人生,7190
#鬼滅の刃,7189
#SNSマーケティング,7185
#お菓子,7177
#かわいい,7177
#雲,7163
#アーティスト,7134
#cakesコンテスト2020,7131
#転職活動,7108
#クリエイティブ,7099
#主婦,7095
#トレード,7094
#フィルムカメラ,7077
#出産,7074
#住之江競艇,7069
#ご飯,7063
#渋谷,7056
#会話,7054
#芸人,7048
#酒,7040
#先生,7035
#ヒーリング,7024
#写真家,6978
#ヨーロッパ,6970
#予想屋,6946
#ポートレート,6943
#離婚,6942
#月,6941
#Nikon,6924
#就活生,6918
#船橋競馬予想,6904
#ギャンブル予想,6899
#フード,6892
#世界,6891
#簡単レシピ,6887
#アラフォー,6874
#麻雀,6863
#読書の秋2020,6849
#競艇確率,6844
#研究,6832
#作詞,6822
#一度は行きたいあの場所,6820
#働く,6817
#名古屋,6816
#おはよう,6806
#副業収入,6788
#ニューヨーク,6774
#python,6773
#ライティング,6766
#休日,6740
#読書メモ,6728
#リハビリ,6715
#いじめ,6707
#ワークショップ,6700
#妄想,6699
#自己成長,6676
#stayhome,6673
#節約,6671
#netflix,6670
#脳科学,6669
#みんなのフォトギャラリー,6657
#マラソン,6653
#門別競馬,6648
#一人暮らし,6645
#ビジネス書,6629
#冬,6617
#kindle,6613
#COVID19,6612
#手紙,6603
#占い師,6583
#福島競馬予想,6574
#札幌,6558
#自殺,6550
#厳選予想,6533
#知恵袋_,6533
#ベトナム,6502
#自信,6480
#フォロー,6462
#フォトグラファー,6427
#長編小説,6422
#プレゼント,6418
#学習,6417
#不倫,6416
#野菜,6406
#練習,6401
#馬券予想,6396
#カナダ,6393
#南関競馬,6392
#英語勉強,6370
#デート,6358
#保育園,6357
#表現,6354
#日本酒,6348
#グラフィックデザイン,6328
#退職,6321
#大村競艇,6313
#浦和競馬予想,6309
#アフターコロナ,6307
#ツイッター,6291
#今日は何の日,6287
#無職,6273
#孤独,6268
#私の不思議体験,6260
#思ったこと,6259
#女子大生,6253
#幸せになる方法,6250
#ことば,6248
#経験,6238
#洋楽,6238
#光,6204
#格言,6203
#ポッドキャスト,6198
#マッチングアプリ,6194
#noteおやつ部,6182
#稼ぐ,6181
#環境,6177
#美味しい,6176
#パン,6168
#ニュースで語る,6162
#編集,6161
#鳥,6159
#no活,6157
#キャンプ,6146
#シュール,6136
#みんなでつくる秋アルバム,6135
#名古屋競馬,6132
#ワーホリ,6125
#2020年,6120
#ジャズ,6120
#情報発信,6109
#会社員,6100
#音楽レビュー,6084
#オンライン授業,6066
#セミナー,6064
#家庭料理,6059
#ライブ配信,6053
#金融,6046
#好きなこと,6044
#音楽制作,6025
#動画編集,6023
#やる気,6008
#パリ,6005
#お知らせ,5985
#インターン,5963
#地方競馬場予想,5939
#旅とわたし,5937
#フォローお願いします,5925
#仲間,5922
#恋人,5920
#YouTubeチャンネル,5917
#面接,5902
#食べ物,5883
#自分軸,5867
#DIY,5864
#将棋,5862
#ドル円,5860
#地方創生,5858
#女性起業家,5850
#TOEIC,5849
#コンサル,5846
#日常漫画,5840
#ナンパ,5840
#メルカリ,5839
#boatrace,5828
#エネルギー,5812
#プロフィール,5805
#公開ダイエット,5804
#健康管理,5790
#応援,5775
#スキ,5768
#集客,5767
#新社会人,5755
#万車,5752
#高知競馬予想,5750
#ポケモン,5750
#ネット副業,5730
#文化,5722
#買い物,5719
#映画鑑賞,5718
#らくがき,5681
#病院,5679
#オタク,5663
#Design,5638
#webライター,5633
#作家,5619
#ハワイ,5617
#穴馬,5603
#継続は力なり,5595
#相談,5584
#ニート,5573
#電車,5573
#飲食店経営,5568
#梅雨,5565
#ブログ更新,5555
#車,5549
#Webマーケティング,5523
#手帳,5523
#令和,5520
#日本語,5520
#ホテル,5503
#旅する日本語,5501
#高校,5493
#LINEスタンプ,5489
#適応障害,5481
#note俳句部,5479
#組織,5460
#掃除,5453
#ホラー,5451
#蒲郡競艇,5450
#アラサー女子,5448
#登山,5445
#ファインダー越しの私の世界,5441
#公園,5436
#四コマ漫画,5430
#美容室,5430
#パチンコ,5429
#小学校,5425
#ポケカ,5414
#ネガティブ,5411
#夏のオススメ,5408
#ひとり旅,5408
#オリジナルイラスト,5406
#コンテンツ,5399
#インスタ,5397
#教師,5393
#ナンバーズ,5390
#パーソナルトレーナー,5381
#徳山競艇,5379
#就職,5379
#リラックス,5365
#note感想文,5359
#カップル,5358
#芦屋競艇,5356
#大人,5356
#VR,5353
#新生活に向けて,5351
#朝ごはん,5350
#保護猫,5345
#丸亀競艇,5339
#ボードゲーム,5336
#幸福,5334
#想い,5329
#バイト,5317
#結婚式,5316
#2019年,5289
#本好き,5288
#鎌倉,5285
#語学,5284
#シンガーソングライター,5280
#穴予想,5279
#川柳,5277
#福祉,5276
#息子,5276
#インターネット,5275
#株投資,5272
#科学,5261
#アラフィフ,5259
#１日１エッセイ,5257
#多様性,5256
#熟成下書き,5255
#記事,5248
#こども,5236
#スナップ,5233
#性格,5232
#ギャグ,5232
#犬のいる暮らし,5231
#まいにち日記部,5224
#出版,5218
#今を生きる,5215
#家事,5215
#徒然,5204
#美術館,5191
#風景写真,5181
#人工知能,5162
#緊急事態宣言,5155
#お絵描き,5150
#希望,5142
#温泉,5141
#ストレッチ,5132
#万馬券当てたい,5123
#ビジネスモデル,5121
#遊び,5121
#勇気,5120
#資格,5119
#ハロウィン,5103
#私のお店,5100
#撮影,5100
#勝負馬券予想,5099
#仏教,5097
#お笑い芸人,5094
#中京競馬予想,5093
#食生活,5089
#翻訳,5089
#家庭菜園,5082
#メンヘラ,5066
#思うこと,5054
#愚痴,5053
#スペイン,5053
#人材育成,5049
#eスポーツ,5042
#20代,5041
#アダルトチルドレン,5038
#宗教,5038
#ネットショップ,5027
#apple,5020
#意識,5010
#タロット占い,4999
#台風,4999
#drawing,4995
#糖質制限,4989
#フィットネス,4974
#落語,4972
#掌編,4971
#ロードバイク,4969
#ジェンダー,4969
#アウトドア,4968
#まとめ,4953
#認知症,4952
#大人の発達障害,4949
#アパレル,4949
#モテ,4949
#おやつ,4949
#ちゅうハヤ,4944
#夢を叶える,4936
#インテリア,4936
#アナログ絵,4918
#iPad,4916
#東京競馬,4915
#tanka,4915
#ノウハウ,4912
#中国語,4912
#相互フォロー,4910
#紅葉,4908
#インプット,4895
#シングルマザー,4895
#MUPカレッジ,4889
#アルバイト,4886
#西野亮廣,4884
#イノベーション,4878
#闘病,4872
#下関競艇,4859
#自粛,4854
#占星術,4842
#podcast,4837
#統合失調症,4826
#モノクロ,4825
#思考法,4811
#入院,4805
#ブロックチェーン,4800
#平成最後の夏,4797
#データ分析,4797
#広島,4795
#栄養,4766
#女性の生き方,4763
#オラクルカード,4760
#転売,4755
#祈り,4755
#ブランド,4750
#ASD,4742
#新規事業,4732
#創作漫画,4729
#雑感,4727
#妊活,4718
#人,4714
#知識,4700
#奈良,4689
#田舎,4681
#喫茶店,4680
#カルチャー,4675
#心の声,4673
#不動産投資,4666
#恋愛相談,4661
#居酒屋,4661
#M5,4658
#パニック障害,4645
#レストラン,4644
#ディズニー,4640
#アナログ,4636
#雑学,4633
#コンビニ,4633
#メインレース,4625
#娘,4624
#声優,4621
#若松競艇,4616
#編集者,4614
#雑文,4609
#ワークライフバランス,4604
#作品,4600
#今日の占い,4597
#毎日更新がんばる,4592
#まちづくり,4592
#万舟券,4583
#脱サラ,4581
#京都競馬,4569
#スキンケア,4568
#カメラマン,4563
#インスタグラム,4549
#風俗,4547
#我が家のペット自慢,4546
#マンガ感想文,4546
#門別競馬予想,4542
#うさぎ,4539
#満月,4538
#8月31日の夜に,4537
#自分らしく生きる,4520
#FX初心者,4518
#戦略,4518
#育休,4516
#文芸,4510
#考える,4508
#フィルム写真,4504
#脚本,4501
#夫婦関係,4498
#恋愛テクニック,4495
#着物,4495
#カードリーディング,4494
#札幌競馬予想,4488
#君のことばに救われた,4485
#個性,4485
#ブラック企業,4479
#戦争,4475
#ミステリー,4472
#オープン社内報,4470
#片付け,4469
#新潟,4469
#不妊治療,4468
#函館競馬予想,4464
#あつまれどうぶつの森,4460
#命,4459
#開運,4457
#メイク,4457
#社長,4455
#english,4452
#パソコン,4442
#選挙,4442
#思想,4441
#珈琲,4440
#鍼灸,4432
#筋肉,4430
#国際結婚,4429
#香港,4426
#ボランティア,4413
#2020年代の未来予想図,4410
#言語化,4410
#HSP気質,4407
#朝食,4407
#部活,4407
#横浜,4397
#アフリカ,4389
#オリジナルアクセサリー,4388
#カラオケ,4387
#また乾杯しよう,4385
#アニメ感想,4379
#散文詩,4369
#UX,4364
#彼女,4363
#神戸,4362
#笠松競馬,4358
#保育士,4355
#青年海外協力隊,4353
#リーダーシップ,4353
#英語教育,4347
#コント,4338
#地球,4338
#チョコレート,4336
#最終レース,4335
#空写真,4331
#本屋,4326
#おしゃれ,4324
#リーダー,4320
#休職,4319
#選択,4317
#昭和,4313
#新型コロナウィルス,4307
#ナイターレース,4294
#コスメ,4289
#可愛い,4286
#サーフィン,4280
#映像,4271
#ウォーキング,4271
#ものづくり,4268
#三連単,4267
#バイク,4266
#親,4265
#複業,4263
#怒り,4263
#似顔絵,4263
#成功法則,4261
#海外旅行記,4257
#マガジン,4254
#ノート,4249
#鉄道,4247
#自己実現,4245
#目標設定,4235
#note弁当部,4231
#父,4225
#釣り,4223
#感動,4197
#Photography,4194
#こころ,4190
#ラグビー,4188
#セラピスト,4180
#将来,4174
#スキル,4171
#バンコク,4168
#自閉症スペクトラム,4168
#晩御飯,4167
#神様,4166
#blog,4162
#キャリアコンサルタント,4156
#目標達成,4150
#競艇好きとつながりたい,4148
#note初投稿,4147
#Spotify,4146
#悩み相談,4139
#平和,4138
#フィクション,4138
#一次創作,4133
#相場,4132
#せどり,4129
#４コマ,4129
#22卒,4128
#poem,4122
#彼氏,4120
#対話,4119
#米国株,4105
#中山競馬,4101
#日々,4100
#食レポ,4100
#サウナ,4099
#ワクワク,4099
#パートナーシップ,4099
#ケーキ,4097
#引き寄せの法則,4093
#クラシック,4093
#ドローイング,4093
#質問,4083
#更新,4081
#スケッチ,4081
#心理学をもっと身近に,4073
#オススメ,4073
#noteクリエイター,4070
#阪神競馬,4069
#カイロプラクティック,4069
#アドラー心理学,4058
#副業の教科書,4054
#元気,4053
#イベントレポート,4043
#地域,4039
#桐生競艇,4032
#テクニカル分析,4028
#OL,4027
#小説家になろう,4027
#ネタ,4022
#詩人,4021
#stay_at_home,4014
#パスタ,4012
#ツインレイ,3998
#腰痛,3995
#天然石,3991
#キリスト教,3980
#山,3980
#ジャニーズ,3978
#BGM,3977
#教員,3975
#人間関係の悩み,3965
#飲み会,3959
#長崎,3957
#シナリオ,3948
#アロマ,3946
#アスリート,3943
#お金を稼ぐ,3940
#名前の由来,3937
#やさしさにふれて,3936
#実話,3935
#読書感想,3932
#フェミニズム,3930
#SEO,3929
#開業,3928
#妊婦,3927
#薬剤師,3926
#note短歌部,3913
#星読み,3907
#上司,3907
#ヨガインストラクター,3906
#怪談,3906
#テイクアウト,3900
#コピーライター,3898
#竹花貴騎,3895
#ワーキングホリデー,3895
#行動力,3894
#時間の使い方,3884
#DJ,3882
#サークル,3879
#引きこもり,3878
#給付金をきっかけに,3876
#3連単,3872
#後悔,3859
#メンタルトレーニング,3858
#ロンドン,3858
#優しさ,3855
#私のパートナー,3853
#逆噴射プラクティス,3851
#Google,3847
#キナリ杯,3842
#減量,3841
#精神科,3840
#日誌,3839
#HSS型HSP,3836
#物販ビジネス,3836
#ドラム,3836
#フィリピン,3835
#好きなもの,3833
#友人,3832
#身体,3828
#40代,3828
#分析,3825
#名古屋競馬予想,3816
#トラウマ,3816
#flower,3816
#新宿租界,3814
#ブロガー,3813
#マネー,3808
#モテる方法,3807
#デジタル,3807
#自粛生活,3801
#雑誌,3801
#文章を書く,3797
#ファンタジー小説,3797
#俳優,3791
#セルフケア,3785
#別れ,3778
#日経新聞,3777
#チャネリング,3776
#広報,3770
#あの夏に乾杯,3769
#大人になったものだ,3768
#うつ状態,3764
#ゲーム実況,3761
#最終レース予想,3760
#思考の整理,3760
#唐津競艇,3757
#Illustrator,3757
#メンズファッション,3755
#紫陽花,3755
#水彩,3749
#公営ギャンブル,3746
#企業,3745
#クラフトビール,3744
#４コマ漫画,3743
#読書好きな人と繋がりたい,3742
#集中力,3741
#地方,3741
#ゲイ,3737
#街,3736
#服,3733
#星占い,3731
#共感,3731
#こんな学校あったらいいな,3729
#運命,3729
#早起き,3729
#価値,3728
#大学院,3725
#マッサージ,3720
#今日のメッセージ,3718
#社会問題,3712
#雪,3710
#社会人1年目の私へ,3707
#ジェイソン先生,3703
#バーチャルYouTuber,3700
#日本史,3699
#コンプレックス,3697
#夕焼け,3696
#ベース,3694
#気付き,3689
#製作日記,3688
#飛行機,3674
#三国競艇,3672
#パーソナルトレーニング,3672
#考え,3669
#メイン,3668
#コピック,3666
#ハンドメイドアクセサリー,3662
#図書館,3661
#書道,3657
#人生論,3650
#聖書,3650
#宇宙の法則,3643
#エッセイマンガ,3642
#太陽,3642
#クラシック音楽,3640
#コンサルタント,3637
#陸上競技,3634
#BL,3631
#本質,3629
#作業療法士,3625
#30代,3624
#新しい働き方,3622
#イメージ,3617
#令和元年にやりたいこと,3616
#withコロナ,3615
#魂,3614
#紹介,3614
#レポート,3610
#モデル,3605
#展示,3604
#差別,3602
#新潟競馬,3595
#自分探し,3594
#エッセー,3593
#21卒,3591
#言霊,3590
#虐待,3586
#facebook,3584
#宝くじ,3579
#才能,3573
#オーガニック,3564
#弁護士,3561
#怖い話,3558
#ポケモンカード,3557
#営業マン,3557
#信頼,3554
#片思い,3554
#ひきこもり,3552
#KPOP,3549
#浮気,3549
#jazz,3549
#100日チャレンジ,3544
#管理栄養士,3544
#引っ越し,3542
#色,3532
#生産性,3527
#新宿,3526
#前向き,3526
#Tシャツ,3525
#中学受験,3524
#コーチ,3516
#機械学習,3512
#ライトノベル,3510
#オリジナルキャラクター,3509
#環境問題,3508
#法律,3507
#メインレース予想,3506
#東大,3505
#パワーストーン,3505
#パワハラ,3503
#有料note,3503
#無料予想,3497
#思い,3492
#コスプレ,3489
#カウンセラー,3487
#面白い,3487
#ストーリー,3483
#プレゼン,3482
#小倉競馬予想,3481
#バー,3481
#漫才,3478
#青空,3478
#告知,3478
#二次創作,3473
#魚,3468
#Voicy,3467
#辛い,3462
#大井,3458
#連続投稿,3457
#母親,3453
#G1,3452
#チームビルディング,3450
#声,3450
#呼吸,3448
#幼児教育,3446
#女,3446
#鉄板軸馬,3444
#高齢者,3440
#ジム,3438
#life,3437
#Webサービス,3436
#水彩画,3432
#おはようございます,3431
#南関東競馬,3430
#授業,3428
#精神,3425
#投資家,3422
#本紹介,3420
#東南アジア,3420
#あつ森,3419
#盛岡競馬,3419
#人生の生き方,3417
#楽器,3416
#摂食障害,3414
#デジタルマーケティング,3413
#アメリカ生活,3411
#ec,3410
#バスケ,3409
#しあわせ,3405
#大学生活,3405
#書籍,3405
#自己投資,3394
#効率化,3391
#プログラミング学習,3389
#ロシア,3383
#資格試験,3373
#資金調達,3372
#アイス,3371
#FUJIFILM,3366
#ミュージカル,3363
#男女,3359
#日経225先物デイトレード,3353
#旅エッセイ,3350
#ほぼ毎日note,3349
#地域活性化,3349
#ロボット,3348
#世界史,3345
#解説,3345
#diary,3343
#画像,3342
#ミッドナイト競輪予想,3338
#超ショートショート,3335
#海外ドラマ,3334
#fashion,3331
#免疫力,3322
#東日本大震災,3322
#風邪,3322
#ナンバーズ４,3321
#ポケカ記事,3317
#今私にできること,3316
#ミュージシャン,3314
#UIデザイン,3310
#塾,3306
#MUPアウトプット,3305
#受験生,3305
#ボート,3300
#日経COMEMO,3296
#空想,3291
#一日一絵,3290
#ステイホーム,3284
#ライブハウス,3281
#スタバ,3278
#コロナ禍,3276
#毎日日記,3272
#障害者,3272
#radio,3269
#無料ボートレース予想,3264
#体験記,3263
#マレーシア,3262
#ドライブ,3261
#cat,3260
#景色,3259
#文房具,3250
#エロ,3244
#新卒採用,3243
#ファスティング,3242
#貯金,3241
#目的,3239
#ＪＲＡ,3238
#星,3237
#職場,3235
#出会い系,3234
#靴,3230
#高校野球,3225
#パチスロ,3225
#FOLLOW,3223
#お仕事,3213
#地方競馬最終,3212
#コラボ,3209
#書店,3208
#自立,3207
#JRDB,3206
#再生核研究所,3203
#国内旅行,3203
#若者,3203
#庭,3202
#カフェ巡り,3200
#幼稚園,3200
#日本株,3199
#講座,3193
#1,3190
#創作小説,3186
#不思議,3186
#資産,3185
#ゲストハウス,3179
#BTC,3176
#アクセサリー通販,3176
#地方移住,3175
#部活の思い出,3174
#東京競馬場,3170
#水,3162
#UXデザイン,3161
#本音,3161
#卒業,3161
#北欧,3160
#夜景,3160
#新入社員,3159
#動物園,3159
#movie,3158
#研修,3155
#猫がいる生活,3154
#バスケットボール,3154
#鳴門競艇,3150
#インフルエンサー,3150
#脳,3150
#童話,3149
#旅コラム,3148
#ボディメイク,3148
#プロレス,3145
#こんな社会だったらいいな,3143
#tororomuseum,3143
#伝える,3138
#冒険,3138
#死にたい,3138
#ユーロドル,3137
#借金,3137
#ボートレース住之江,3132
#バイナリーオプション,3126
#ハーブ,3126
#豪ドル円,3125
#少女,3124
#手書き,3123
#東京都,3116
#無料note,3112
#お散歩,3112
#各場の最終12レース予想,3111
#感謝の気持ち,3111
#中小企業,3110
#ファイナンス,3099
#UI,3098
#嘘,3096
#交換日記,3094
#シェアハウス,3094
#アセンション,3093
#サービス,3091
#オリンピック,3090
#ストレス解消,3088
#自分語り,3087
#川崎,3087
#南関競馬予想,3085
#あるある,3085
#デザイン思考,3081
#ゴルフ,3081
#PR,3081
#四コマ,3079
#お母さん,3076
#雨の日,3068
#チーム,3068
#涙,3068
#大学院生,3064
#小説家,3062
#フィンランド,3062
#育児マンガ,3061
#インスト,3061
#自己表現,3057
#スロット,3056
#季節,3055
#私小説,3046
#結果,3045
#宣伝,3043
#シンガポール,3038
#箕輪編集室,3037
#求人,3037
#反省,3036
#富士山,3035
#SaaS,3032
#恋愛エッセイ,3031
#公務員,3027
#ハゲ,3024
#問題解決,3024
#配信,3023
#直前予想,3019
#資産形成,3016
#keiba,3016
#佐賀競馬,3011
#暗号通貨,3011
#ビジョン,3005
#日本人,3004
#豊かさ,3002
#キャッシュレス,3001
#何気ない日常,2999
#好きな日本文化,2998
#青山裕企,2995
#GoToキャンペーン,2988
#図解,2987
#NHK,2983
#毒親育ち,2980
#語学留学,2980
#独学,2980
#夫,2980
#馬,2979
#父親,2974
#WEB漫画,2973
#花言葉,2973
#実験,2969
#指導者,2966
#映画評,2963
#SF小説,2963
#デイトレード,2963
#紅茶,2962
#習い事,2960
#スキルアップ,2959
#ハンドメイド作家,2956
#ガジェット,2956
#NPO,2955
#ホロスコープ,2953
#ほぼ日,2952
#蒲郡競艇予想,2951
#文字,2951
#花火,2951
#Mac,2948
#独身,2944
#140字小説,2943
#アトピー,2941
#ネタバレ,2935
#スパイス,2932
#現実,2931
#働くママ,2931
#インドネシア,2930
#ブログ初心者,2929
#お風呂,2928
#MTG,2926
#レッスン,2926
#柴犬,2924
#古典,2921
#論文,2921
#手描き,2917
#eSports,2916
#シェア大歓迎,2915
#スポーツビジネス,2915
#おじさん,2913
#百合,2913
#高配当,2907
#仙台,2905
#ねこ写真,2904
#外国人,2903
#日々のこと,2901
#note応援部,2900
#金沢競馬,2899
#感覚,2898
#村上春樹,2898
#ルーティン,2897
#オートレース予想,2896
#がん,2895
#読書レビュー,2893
#タロットカード,2893
#副収入,2891
#バレンタイン,2890
#カンボジア,2888
#カレンダー,2888
#重賞,2887
#シンプル,2887
#夏の思い出,2886
#HipHop,2886
#読書会,2885
#堀江貴文,2884
#サポート,2882
#大人の学び,2878
#創作活動,2877
#WEBデザイナー,2876
#居場所,2876
#宮島競艇,2875
#精神障害,2875
#世界旅行,2873
#楽しむ,2871
#フリー句,2869
#金融市場,2868
#初めてのnote,2868
#私,2867
#ニュージーランド,2866
#鬱病,2865
#女子高生,2865
#外国為替証拠金取引,2864
#恐怖,2862
#クイズ,2862
#楽しみ,2861
#物理,2861
#日曜作曲,2858
#自分らしい生き方,2857
#就活体験記,2857
#イライラ,2855
#恋活,2849
#純文学,2847
#理想,2846
#挨拶,2845
#内観,2844
#新月,2843
#はじめてのnote,2839
#推し,2837
#お店,2837
#Vlog,2835
#ミスiD,2834
#ネット,2834
#内省,2832
#オランダ,2832
#詐欺,2828
#デジタルイラスト,2826
#承認欲求,2825
#きっかけ,2824
#自分磨き,2824
#専業主婦,2823
#銭湯,2822
#メルマガ,2817
#自己理解,2816
#親子関係,2816
#楽天,2814
#あの恋,2813
#拡散希望,2813
#大人のADHD,2811
#超短編,2809
#ぼやき,2806
#洋画,2803
#トランスジェンダー,2799
#熊本,2799
#生理,2798
#日本語教師,2797
#寿司,2796
#パパ,2792
#支援,2790
#トレード手法,2789
#VOCALOID,2787
#頑張る,2781
#読んだ本,2779
#妻,2777
#日報,2775
#学習塾,2775
#休校,2774
#休日の過ごし方,2772
#オンラインイベント,2771
#駆け出しエンジニア,2769
#接客,2769
#ブログ運営,2765
#オンライン英会話,2764
#リノベーション,2764
#物販,2761
#発見,2758
#国語,2757
#ジョギング,2753
#自由律,2752
#コミュニケーションスキル,2749
#セールス,2748
#天使,2747
#ナンバーズ３,2745
#笑い,2745
#暗号資産,2741
#ITエンジニア,2736
#テニス,2734
#Photoshop,2734
#FP,2731
#手術,2731
#体験,2731
#100文字ドラマ,2727
#ボートレース大村,2727
#生と死,2727
#アスペルガー,2727
#競艇女子,2726
#デトックス,2726
#お茶,2726
#noteコーヒー部,2725
#餃子,2722
#プロテイン,2721
#天気,2721
#漫画家,2716
#コミック,2715
#青,2713
#和食,2711
#漢字,2710
#母の日,2709
#映画館,2709
#抽象画,2708
#フットサル,2707
#東京オリンピック,2704
#木,2702
#保険,2700
#一眼レフ,2699
#コメディ,2698
#投資信託,2690
#AIKA競馬の予想,2689
#東洋医学,2686
#トイレ,2683
#シンプルライフ,2682
#ロックダウン,2681
#カメラ好きな人と繋がりたい,2677
#Unity,2676
#障害,2676
#女優,2675
#遠距離恋愛,2674
#経営戦略,2673
#yoga,2673
#無料競馬予想,2671
#イケメン,2671
#新型コロナ,2670
#コピーライティング,2668
#役者,2667
#コラージュ,2667
#丁寧な暮らし,2656
#ニンジャスレイヤー,2656
#都市伝説,2656
#Twitter運用,2655
#将来の夢,2655
#サブスク,2654
#音楽活動,2653
#誹謗中傷,2649
#コンサルティング,2643
#アマゾン,2640
#1日1note,2638
#教養,2637
#ドキュメンタリー,2637
#JavaScript,2635
#為替市場,2634
#運用,2634
#オンラインレッスン,2633
#姿勢,2633
#競馬っていいよね,2631
#肩こり,2631
#国際恋愛,2629
#followme,2628
#日経２２５,2627
#駄文,2627
#保育,2626
#男性,2625
#糖尿病,2624
#IoT,2624
#ジブリ,2624
#簡単,2623
#stay_home,2619
#フォロワー,2619
#SNS活用,2615
#思い込み,2613
#平成,2611
#連載長編小説,2609
#小さな幸せ,2609
#画家,2604
#書く,2602
#パラレルキャリア,2600
#リハビリテーション,2598
#ECサイト,2597
#生きること,2595
#キャッチコピー,2595
#コツ,2592
#鈴鹿サーキット,2587
#思春期,2586
#闘病記,2584
#おにぎり,2582
#Bリーグ,2581
#神,2581
#英単語,2580
#日経平均,2579
#バラ,2578
#Tokyo,2576
#お話,2575
#働く女性,2574
#Honda,2574
#お菓子作り,2574
#浄化,2572
#鹿児島,2572
#アジア,2570
#外国為替,2569
#乃木坂46,2569
#ドル,2567
#展覧会,2566
#繊細さん,2561
#バイナリー,2561
#韓国語,2560
#奇跡,2560
#乳がん,2559
#Photograph,2557
#高知,2557
#スイングトレード,2553
#スペイン語,2553
#家,2552
#私の勝負曲,2545
#短文,2544
#アプリ開発,2542
#副業note,2541
#お絵かき,2541
#円,2540
#デンマーク,2540
#今,2538
#NJSLYR,2534
#痩せる,2531
#国際協力,2531
#フランス語,2530
#アメブロを見て,2529
#ビジネス英語,2529
#セフレ,2527
#美容院,2527
#ダイエット記録,2525
#メンタリストDaigo,2525
#LIVE,2525
#手料理,2522
#難病,2522
#ロゴ,2522
#フリーランス日記,2521
#男性育休,2520
#今日の一言,2518
#アメリカ留学,2516
#評価,2515
#ワンピース,2515
#プログラミング教育,2508
#詞,2507
#love,2507
#オカルト,2501
#ヒップホップ,2501
#DX,2497
#お家時間,2492
#銀座,2491
#夕暮れ,2490
#不安障害,2489
#お金の話,2489
#セカンダリー,2488
#外食,2486
#暇つぶし,2486
#金沢,2486
#Web,2485
#FXトレーダー,2483
#仕事論,2483
#筆文字,2483
#決断,2481
#tiktok,2480
#心と身体,2480
#発酵,2480
#bar,2480
#虹,2479
#料理好きな人と繋がりたい,2478
#アンチエイジング,2476
#ランキング,2476
#中京競馬,2472
#疲れた,2472
#女子,2469
#おばあちゃん,2468
#災害,2467
#ポジティブ思考,2462
#癌,2458
#税金,2458
#ボカロ,2458
#中小企業診断士,2457
#静岡,2457
#育児漫画,2455
#花粉症,2452
#大村競艇予想,2450
#トランプ,2449
#うどん,2449
#同棲,2447
#通勤,2446
#機能不全家族,2445
#ボートレース芦屋,2444
#笠松競馬予想,2442
#禅,2442
#自分を知る,2442
#パワースポット,2441
#エクササイズ,2439
#和菓子,2438
#波動,2437
#妖怪,2437
#自己紹介をゲームで語る,2436
#suzukacircuit,2435
#英語の勉強,2434
#よろしくお願いします,2434
#アクセサリー,2432
#常識,2430
#ライブレポ,2430
#薬,2430
#宇宙人,2430
#名前,2429
#理系,2427
#トレード日誌,2426
#七夕,2426
#新聞,2425
#頭痛,2424
#焼肉,2424
#インプットとアウトプット,2422
#香り,2422
#水族館,2422
#無意識,2420
#福島,2420
#考え事,2417
#体調不良,2417
#デッサン,2415
#オンライン飲み会,2412
#素直,2411
#人材,2411
#illust,2411
#ボートレース徳山,2410
#モーニング,2410
#演奏,2409
#歯医者,2406
#夕日,2405
#現代美術,2402
#テレビ東京,2394
#地震,2391
#森,2391
#話し方,2390
#アラサーOL,2386
#箕輪厚介,2385
#気づきの瞑想,2385
#ギャグ漫画,2385
#技術,2382
#感想文,2381
#推奨馬,2380
#無印良品,2380
#子どもとの関わり,2379
#不労所得,2378
#介護福祉士,2375
#ドラえもん,2375
#開発,2373
#執筆,2368
#思いやり,2368
#日本文化,2368
#ノマド,2367
#歌ってみた,2367
#嵐,2366
#岡山,2365
#馬券勝負,2362
#抑うつ,2362
#星野源,2362
#勉強会,2361
#ラノベ,2360
#収入,2359
#魔法,2358
#取材,2357
#美肌,2356
#Cafe,2356
#大丈夫,2355
#アレルギー,2355
#湘南,2353
#投資法,2352
#願い,2352
#おめでとう,2351
#ナイター,2350
#ゼロ除算,2346
